ARI001	F
ARI-001	F
ARI002	F
ARI-002	F
ARI003	F
ARI-003	F
ARI004	M
ARI-004	M
ARI006	M
ARI008	M
ARI-008	M
ARI010	F
ARI-010	F
ARI013	M
ARI014	M
ARI-014	M
ARI015	F
ARI017	F
ARI-017	F
ARI018	M
ARI019	F
ARI-019	F
ARI021	M
ARI-021	M
ARI022	F
ARI-022	M
ARI023	M
CDSJ020	F
CDSJ021	M
CDSJ-021	M
CDSJ032	F
CDSJ046	M
CDSJ048	F
CDSJ099	M
CDSJ106	F
CDSJ108	F
CDSJ118	F
CDSJ122	F
CDSJ157	M
CDSJ167	F
CDSJ174	M
CDSJ175	M
CDSJ176	M
CDSJ177	M
CDSJ262	F
CDSJ283	M
CDSJ284	M
CDSJ297	M
CDSJ299	M
CDSJ321	M
CDSJ344	M
CDSJ-344	M
CDSJ347	M
CDSJ361	M
CDSJ372	F
CDSJ400	M
CDSJ403	F
CDSJ417	F
CDSJ469	F
CDSJ471	M
CDSJ472	M
